<?xml version="1.0" encoding="UTF-8" standalone="no"?>
<feature id="org.wso2.carbon.c5.extending" label="org.wso2.carbon.c5.extending.feature" provider-name="%providerName" version="5.2.0">
  <description>WSO2 Carbon Kernel Parent Pom</description>
  <copyright>%copyright</copyright>
  <license url="%licenseURL">%license</license>
  <plugin id="sample-bundle3" unpack="false" version="5.2.0"/>
  <require>
    <import feature="org.wso2.carbon.c5.sample" match="compatible" version="5.2.0"/>
  </require>
</feature>
