<?xml version="1.0" encoding="UTF-8" standalone="no"?>
<feature id="sample.10" label="sample.10.feature" provider-name="%providerName" version="5.2.0">
  <description>WSO2 Carbon Kernel Parent Pom</description>
  <copyright>%copyright</copyright>
  <license url="%licenseURL">%license</license>
  <plugin id="sample.bundle11" unpack="false" version="5.2.0"/>
  <plugin id="sample.bundle13" unpack="false" version="5.2.0"/>
  <plugin id="sample.bundle14" unpack="false" version="5.2.0"/>
  <require/>
</feature>
