<?xml version="1.0" encoding="UTF-8"?>
<config date="1510661269002" transient="false">
	<site updateable="true" url="file:../lib/" enabled="true" policy="USER-EXCLUDE">
		<feature id="org.wso2.carbon.c5.extending" version="5.2.0" url="features/org.wso2.carbon.c5.extending_5.2.0/">
		</feature>
		<feature id="org.wso2.carbon.c5.sample" version="5.2.0" url="features/org.wso2.carbon.c5.sample_5.2.0/">
		</feature>
		<feature id="sample.10" version="5.2.0" url="features/sample.10_5.2.0/">
		</feature>
		<feature id="sample.11" version="5.2.0" url="features/sample.11_5.2.0/">
		</feature>
		<feature id="sample.4" version="5.2.0" url="features/sample.4_5.2.0/">
		</feature>
		<feature id="org.wso2.carbon.pax.exam" version="5.2.0" url="features/org.wso2.carbon.pax.exam_5.2.0/">
		</feature>
		<feature id="sample.6" version="5.2.0" url="features/sample.6_5.2.0/">
		</feature>
		<feature id="org.wso2.carbon.config" version="2.0.3" url="features/org.wso2.carbon.config_2.0.3/">
		</feature>
		<feature id="org.wso2.carbon.runtime" version="5.2.0.alpha" url="features/org.wso2.carbon.runtime_5.2.0.alpha/">
		</feature>
		<feature id="org.wso2.carbon.secvault" version="5.0.8" url="features/org.wso2.carbon.secvault_5.0.8/">
		</feature>
		<feature id="org.wso2.carbon.server" version="5.2.0.alpha" url="features/org.wso2.carbon.server_5.2.0.alpha/">
		</feature>
		<feature id="org.wso2.carbon.osgi" version="5.2.0.alpha" url="features/org.wso2.carbon.osgi_5.2.0.alpha/">
		</feature>
		<feature id="org.wso2.carbon.secvault.tools" version="5.0.8" url="features/org.wso2.carbon.secvault.tools_5.0.8/">
		</feature>
		<feature id="org.wso2.carbon.utils" version="2.0.2" url="features/org.wso2.carbon.utils_2.0.2/">
		</feature>
	</site>
</config>
